"setting","setting_name","n","method","role","allocation_matching","weighted_allocation_matching","bias_a1","bias_a2","bias_a3","bias_a1a2","bias_a1a3","bias_a2a3","mean_m","mean_m_weighted","mean_abs_bias"
"I","Setting I",100,"Q learning","traditional","0.907 (0.133)","0.958 (0.062)","0.011 (0.175)","0.022 (0.186)","-0.004 (0.142)","-0.013 (0.178)","0.006 (0.117)","",0.90705,0.957794323382634,0.132510756890899
"I","Setting I",100,"Q shared","old_shared","0.924 (0.126)","0.966 (0.057)","0.019 (0.158)","0.005 (0.157)","0.019 (0.141)","-0.009 (0.135)","-0.016 (0.128)","",0.9244,0.966074584942563,0.118737254346206
"I","Setting I",100,"Misspecified Q shared","old_shared_mis","0.558 (0.457)","0.794 (0.216)","-0.081 (0.288)","0.000 (0.164)","0.019 (0.145)","-0.089 (0.159)","-0.016 (0.130)","",0.5578,0.793702293895849,0.174904683516677
"I","Setting I",100,"SQ learning (L1 penalty)","proposed_l1","0.917 (0.112)","0.963 (0.050)","0.012 (0.164)","0.018 (0.174)","-0.016 (0.136)","-0.012 (0.159)","-0.011 (0.121)","",0.917,0.962644122577448,0.124910578513055
"I","Setting I",100,"Misspecified SQ learning (L1 penalty)","proposed_l1_mis","0.896 (0.160)","0.953 (0.073)","-0.015 (0.198)","0.019 (0.181)","-0.011 (0.137)","-0.035 (0.177)","-0.006 (0.120)","",0.89595,0.953018040940333,0.13868339115536
"I","Setting I",100,"SQ learning (L2 penalty)","proposed_l2","0.914 (0.113)","0.961 (0.051)","0.010 (0.166)","0.018 (0.176)","-0.015 (0.136)","-0.015 (0.159)","-0.008 (0.121)","",0.91435,0.961437462471791,0.125273064561183
"I","Setting I",100,"Misspecified SQ learning (L2 penalty)","proposed_l2_mis","0.902 (0.147)","0.956 (0.068)","-0.017 (0.196)","0.020 (0.181)","-0.012 (0.141)","-0.038 (0.172)","-0.002 (0.120)","",0.9024,0.955829438923833,0.13867493895777
"I","Setting I",300,"Q learning","traditional","0.940 (0.073)","0.973 (0.033)","-0.010 (0.091)","0.018 (0.113)","0.006 (0.076)","-0.019 (0.094)","0.002 (0.059)","",0.93975,0.972990722612277,0.0731340019150568
"I","Setting I",300,"Q shared","old_shared","0.962 (0.047)","0.983 (0.021)","-0.000 (0.086)","0.009 (0.098)","0.019 (0.089)","-0.013 (0.072)","-0.022 (0.065)","",0.96195,0.982888354494801,0.0668492612917803
"I","Setting I",300,"Misspecified Q shared","old_shared_mis","0.779 (0.375)","0.900 (0.170)","-0.096 (0.260)","0.004 (0.103)","0.018 (0.089)","-0.091 (0.110)","-0.021 (0.066)","",0.779183333333333,0.899998487887747,0.146414356497346
"I","Setting I",300,"SQ learning (L1 penalty)","proposed_l1","0.947 (0.057)","0.976 (0.026)","-0.006 (0.088)","0.019 (0.108)","-0.004 (0.078)","-0.020 (0.084)","-0.011 (0.064)","",0.94675,0.976073630294083,0.0699480179993048
"I","Setting I",300,"Misspecified SQ learning (L1 penalty)","proposed_l1_mis","0.939 (0.070)","0.973 (0.031)","-0.016 (0.093)","0.017 (0.111)","0.002 (0.073)","-0.025 (0.089)","-0.003 (0.060)","",0.9387,0.972509680431881,0.0727354670694387
"I","Setting I",300,"SQ learning (L2 penalty)","proposed_l2","0.944 (0.062)","0.975 (0.028)","-0.007 (0.088)","0.018 (0.109)","-0.004 (0.076)","-0.019 (0.084)","-0.009 (0.062)","",0.943816666666667,0.974789762608837,0.0697804257247271
"I","Setting I",300,"Misspecified SQ learning (L2 penalty)","proposed_l2_mis","0.939 (0.071)","0.973 (0.032)","-0.019 (0.102)","0.016 (0.112)","0.003 (0.073)","-0.027 (0.094)","-0.001 (0.059)","",0.939433333333333,0.972841849807511,0.075916249393208
"I","Setting I",500,"Q learning","traditional","0.953 (0.064)","0.979 (0.028)","-0.004 (0.070)","0.002 (0.094)","0.002 (0.067)","-0.014 (0.077)","-0.005 (0.045)","",0.95344,0.979142841403672,0.0583809479584729
"I","Setting I",500,"Q shared","old_shared","0.967 (0.048)","0.985 (0.021)","0.006 (0.066)","-0.003 (0.081)","0.008 (0.072)","-0.011 (0.056)","-0.024 (0.054)","",0.96714,0.985261682339784,0.0538619699356195
"I","Setting I",500,"Misspecified Q shared","old_shared_mis","0.810 (0.357)","0.914 (0.164)","-0.089 (0.254)","-0.010 (0.088)","0.007 (0.076)","-0.090 (0.101)","-0.023 (0.057)","",0.81047,0.913632436019389,0.139576234271179
"I","Setting I",500,"SQ learning (L1 penalty)","proposed_l1","0.949 (0.055)","0.977 (0.025)","-0.000 (0.069)","0.006 (0.089)","-0.013 (0.065)","-0.017 (0.071)","-0.013 (0.047)","",0.94909,0.97716088119239,0.05637958385925
"I","Setting I",500,"Misspecified SQ learning (L1 penalty)","proposed_l1_mis","0.952 (0.055)","0.978 (0.025)","-0.009 (0.073)","0.003 (0.092)","-0.005 (0.065)","-0.021 (0.073)","-0.008 (0.046)","",0.95187,0.978426654685068,0.0586078068203145
"I","Setting I",500,"SQ learning (L2 penalty)","proposed_l2","0.951 (0.052)","0.978 (0.024)","-0.000 (0.068)","0.005 (0.090)","-0.013 (0.065)","-0.016 (0.069)","-0.013 (0.048)","",0.95125,0.978134980709715,0.0563823431551401
"I","Setting I",500,"Misspecified SQ learning (L2 penalty)","proposed_l2_mis","0.955 (0.059)","0.980 (0.026)","-0.008 (0.072)","0.002 (0.094)","0.001 (0.066)","-0.018 (0.076)","-0.006 (0.045)","",0.95539,0.980009405911458,0.0591966360817273
"I","Setting I",1000,"Q learning","traditional","0.953 (0.047)","0.979 (0.021)","-0.005 (0.047)","0.010 (0.058)","0.001 (0.046)","-0.010 (0.054)","0.001 (0.037)","",0.95328,0.979036437746629,0.0397314140634275
"I","Setting I",1000,"Q shared","old_shared","0.963 (0.045)","0.984 (0.020)","0.003 (0.050)","0.004 (0.051)","0.009 (0.050)","-0.008 (0.043)","-0.014 (0.038)","",0.96326,0.983513128040317,0.0384571499466936
"I","Setting I",1000,"Misspecified Q shared","old_shared_mis","0.897 (0.250)","0.952 (0.118)","-0.090 (0.252)","-0.002 (0.054)","0.008 (0.052)","-0.086 (0.099)","-0.013 (0.039)","",0.897205,0.952309789863891,0.128634018984393
"I","Setting I",1000,"SQ learning (L1 penalty)","proposed_l1","0.950 (0.048)","0.977 (0.022)","-0.003 (0.049)","0.011 (0.055)","-0.005 (0.047)","-0.012 (0.052)","-0.004 (0.039)","",0.949615,0.977401729649569,0.0397187103553228
"I","Setting I",1000,"Misspecified SQ learning (L1 penalty)","proposed_l1_mis","0.949 (0.048)","0.977 (0.022)","-0.008 (0.050)","0.010 (0.056)","-0.002 (0.046)","-0.014 (0.052)","-0.001 (0.037)","",0.94932,0.977259261655608,0.0400197235490461
"I","Setting I",1000,"SQ learning (L2 penalty)","proposed_l2","0.948 (0.048)","0.977 (0.022)","-0.003 (0.048)","0.011 (0.056)","-0.005 (0.047)","-0.012 (0.051)","-0.004 (0.039)","",0.947835,0.976598585097254,0.0394853319799112
"I","Setting I",1000,"Misspecified SQ learning (L2 penalty)","proposed_l2_mis","0.954 (0.047)","0.979 (0.021)","-0.007 (0.048)","0.010 (0.057)","0.001 (0.046)","-0.012 (0.053)","0.001 (0.037)","",0.95376,0.979256042173486,0.040053149701528
"II","Setting II",100,"Q learning","traditional","0.528 (0.437)","0.772 (0.217)","0.012 (0.194)","0.001 (0.198)","-0.011 (0.146)","-0.008 (0.209)","0.003 (0.126)","",0.5281,0.771605283335905,0.146327563912447
"II","Setting II",100,"Q shared","old_shared","0.449 (0.370)","0.682 (0.226)","0.378 (0.407)","-0.314 (0.381)","0.497 (0.189)","0.383 (0.483)","-0.444 (0.151)","",0.44915,0.681734911590627,0.467043867375803
"II","Setting II",100,"Misspecified Q shared","old_shared_mis","0.178 (0.318)","0.518 (0.199)","0.396 (0.375)","-0.314 (0.382)","0.494 (0.184)","0.398 (0.461)","-0.444 (0.149)","",0.17755,0.518476020748718,0.459103349494758
"II","Setting II",100,"SQ learning (L1 penalty)","proposed_l1","0.403 (0.444)","0.707 (0.225)","0.057 (0.218)","-0.042 (0.209)","0.043 (0.155)","0.021 (0.219)","-0.028 (0.130)","",0.40345,0.707208950638609,0.159270513059386
"II","Setting II",100,"Misspecified SQ learning (L1 penalty)","proposed_l1_mis","0.417 (0.446)","0.714 (0.225)","0.047 (0.231)","-0.037 (0.208)","0.036 (0.155)","0.003 (0.217)","-0.027 (0.131)","",0.4169,0.71387786737939,0.164212845893977
"II","Setting II",100,"SQ learning (L2 penalty)","proposed_l2","0.317 (0.431)","0.664 (0.219)","0.073 (0.211)","-0.054 (0.201)","0.061 (0.149)","0.049 (0.213)","-0.048 (0.131)","",0.31675,0.664260332469432,0.160779793764494
"II","Setting II",100,"Misspecified SQ learning (L2 penalty)","proposed_l2_mis","0.319 (0.430)","0.667 (0.217)","0.077 (0.217)","-0.063 (0.209)","0.066 (0.146)","0.048 (0.216)","-0.054 (0.131)","",0.31885,0.667077798099049,0.167353522841168
"II","Setting II",300,"Q learning","traditional","0.655 (0.428)","0.839 (0.203)","0.013 (0.110)","0.010 (0.115)","0.004 (0.081)","0.005 (0.107)","-0.007 (0.058)","",0.655016666666667,0.838892017393021,0.0795383261098022
"II","Setting II",300,"Q shared","old_shared","0.542 (0.352)","0.734 (0.202)","0.386 (0.361)","-0.315 (0.336)","0.494 (0.101)","0.390 (0.459)","-0.437 (0.076)","",0.542033333333333,0.733551034894856,0.442191863938019
"II","Setting II",300,"Misspecified Q shared","old_shared_mis","0.061 (0.208)","0.451 (0.127)","0.399 (0.342)","-0.315 (0.337)","0.493 (0.100)","0.401 (0.446)","-0.437 (0.076)","",0.06085,0.450909426610525,0.43616168520924
"II","Setting II",300,"SQ learning (L1 penalty)","proposed_l1","0.380 (0.457)","0.711 (0.216)","0.074 (0.153)","-0.044 (0.125)","0.073 (0.084)","0.043 (0.139)","-0.049 (0.062)","",0.380366666666667,0.711450084096391,0.111225156791424
"II","Setting II",300,"Misspecified SQ learning (L1 penalty)","proposed_l1_mis","0.392 (0.461)","0.716 (0.219)","0.054 (0.167)","-0.032 (0.121)","0.054 (0.087)","0.017 (0.141)","-0.038 (0.061)","",0.391533333333333,0.71559027964614,0.110357881691314
"II","Setting II",300,"SQ learning (L2 penalty)","proposed_l2","0.237 (0.409)","0.643 (0.195)","0.090 (0.148)","-0.058 (0.131)","0.091 (0.081)","0.072 (0.148)","-0.069 (0.066)","",0.236683333333333,0.642578385678041,0.119788979375011
"II","Setting II",300,"Misspecified SQ learning (L2 penalty)","proposed_l2_mis","0.225 (0.405)","0.638 (0.193)","0.083 (0.162)","-0.058 (0.129)","0.088 (0.084)","0.060 (0.152)","-0.067 (0.065)","",0.225383333333333,0.637625656294528,0.122995703891858
"II","Setting II",500,"Q learning","traditional","0.794 (0.363)","0.905 (0.169)","0.001 (0.082)","0.006 (0.089)","-0.001 (0.059)","0.008 (0.086)","0.000 (0.051)","",0.79392,0.904992348783424,0.0614797175164214
"II","Setting II",500,"Q shared","old_shared","0.659 (0.295)","0.800 (0.171)","0.374 (0.352)","-0.318 (0.334)","0.486 (0.082)","0.392 (0.462)","-0.429 (0.072)","",0.65934,0.799771695518911,0.434023161462094
"II","Setting II",500,"Misspecified Q shared","old_shared_mis","0.047 (0.188)","0.452 (0.111)","0.386 (0.337)","-0.317 (0.335)","0.486 (0.081)","0.401 (0.451)","-0.429 (0.072)","",0.04747,0.452397973970645,0.429205705609466
"II","Setting II",500,"SQ learning (L1 penalty)","proposed_l1","0.361 (0.466)","0.705 (0.217)","0.065 (0.138)","-0.050 (0.104)","0.072 (0.062)","0.049 (0.131)","-0.045 (0.052)","",0.36118,0.704960283529062,0.0999253209672722
"II","Setting II",500,"Misspecified SQ learning (L1 penalty)","proposed_l1_mis","0.410 (0.476)","0.728 (0.222)","0.046 (0.145)","-0.038 (0.098)","0.054 (0.059)","0.022 (0.128)","-0.035 (0.051)","",0.40996,0.727528668203746,0.0967546630057553
"II","Setting II",500,"SQ learning (L2 penalty)","proposed_l2","0.261 (0.427)","0.660 (0.199)","0.075 (0.124)","-0.058 (0.108)","0.083 (0.062)","0.073 (0.134)","-0.060 (0.053)","",0.26111,0.659629692805984,0.103270992083723
"II","Setting II",500,"Misspecified SQ learning (L2 penalty)","proposed_l2_mis","0.216 (0.404)","0.638 (0.189)","0.072 (0.141)","-0.061 (0.108)","0.084 (0.060)","0.063 (0.145)","-0.061 (0.053)","",0.21629,0.63848012089651,0.110869888179245
"II","Setting II",1000,"Q learning","traditional","0.917 (0.215)","0.962 (0.099)","-0.001 (0.057)","0.002 (0.062)","-0.006 (0.042)","-0.002 (0.058)","-0.001 (0.036)","",0.917355,0.962440605048825,0.0431735309563937
"II","Setting II",1000,"Q shared","old_shared","0.754 (0.166)","0.850 (0.094)","0.382 (0.346)","-0.329 (0.329)","0.474 (0.054)","0.390 (0.454)","-0.435 (0.044)","",0.75424,0.849664374377682,0.430262142057748
"II","Setting II",1000,"Misspecified Q shared","old_shared_mis","0.016 (0.111)","0.431 (0.065)","0.392 (0.332)","-0.328 (0.330)","0.474 (0.054)","0.399 (0.445)","-0.435 (0.044)","",0.015855,0.430729447348806,0.425249657295285
"II","Setting II",1000,"SQ learning (L1 penalty)","proposed_l1","0.384 (0.474)","0.716 (0.220)","0.066 (0.122)","-0.056 (0.084)","0.069 (0.044)","0.041 (0.106)","-0.048 (0.037)","",0.383945,0.716149717435378,0.0918486749324259
"II","Setting II",1000,"Misspecified SQ learning (L1 penalty)","proposed_l1_mis","0.401 (0.475)","0.725 (0.220)","0.048 (0.142)","-0.046 (0.077)","0.055 (0.044)","0.014 (0.111)","-0.039 (0.036)","",0.400865,0.724664969132589,0.0933618879290705
"II","Setting II",1000,"SQ learning (L2 penalty)","proposed_l2","0.228 (0.414)","0.647 (0.191)","0.080 (0.112)","-0.068 (0.093)","0.083 (0.043)","0.068 (0.116)","-0.067 (0.040)","",0.227985,0.646765474596203,0.0998483412515172
"II","Setting II",1000,"Misspecified SQ learning (L2 penalty)","proposed_l2_mis","0.179 (0.378)","0.623 (0.176)","0.071 (0.127)","-0.065 (0.090)","0.079 (0.045)","0.054 (0.122)","-0.063 (0.039)","",0.17897,0.623103370517433,0.103242665775966
"III","Setting III",100,"Q learning","traditional","0.803 (0.090)","0.899 (0.047)","0.019 (0.182)","0.008 (0.185)","-0.005 (0.173)","-0.007 (0.207)","","-0.006 (0.167)",0.8033,0.899322793016874,0.136862736331283
"III","Setting III",100,"Q shared","old_shared","0.816 (0.104)","0.905 (0.058)","0.008 (0.183)","0.004 (0.183)","0.111 (0.183)","0.034 (0.150)","","-0.061 (0.150)",0.81585,0.905034578385827,0.122759644969031
"III","Setting III",100,"SQ learning (L1 penalty)","proposed_l1","0.814 (0.095)","0.905 (0.050)","0.006 (0.185)","0.009 (0.175)","0.053 (0.162)","0.023 (0.176)","","-0.031 (0.150)",0.81425,0.905096561125244,0.123944099933064
"III","Setting III",100,"SQ learning (L2 penalty)","proposed_l2","0.813 (0.095)","0.905 (0.049)","0.010 (0.185)","0.011 (0.169)","0.049 (0.153)","0.020 (0.174)","","-0.032 (0.149)",0.81285,0.904845571747871,0.122861177632557
"III","Setting III",300,"Q learning","traditional","0.896 (0.049)","0.949 (0.025)","0.018 (0.094)","0.011 (0.095)","-0.001 (0.084)","0.007 (0.104)","","0.004 (0.086)",0.8961,0.948669202843772,0.0686167872595685
"III","Setting III",300,"Q shared","old_shared","0.894 (0.050)","0.947 (0.026)","0.010 (0.085)","0.006 (0.085)","0.114 (0.085)","0.057 (0.075)","","-0.039 (0.075)",0.893566666666667,0.947017811308202,0.0720851080488448
"III","Setting III",300,"SQ learning (L1 penalty)","proposed_l1","0.899 (0.049)","0.950 (0.024)","0.011 (0.091)","0.017 (0.086)","0.047 (0.094)","0.034 (0.092)","","-0.019 (0.079)",0.898683333333333,0.950057851793501,0.0676194498567397
"III","Setting III",300,"SQ learning (L2 penalty)","proposed_l2","0.901 (0.049)","0.951 (0.025)","0.013 (0.092)","0.015 (0.088)","0.030 (0.081)","0.025 (0.089)","","-0.010 (0.080)",0.9015,0.951427182503324,0.0647198144011536
"III","Setting III",500,"Q learning","traditional","0.920 (0.035)","0.961 (0.017)","-0.001 (0.077)","-0.001 (0.074)","0.004 (0.066)","0.006 (0.072)","","0.002 (0.060)",0.92004,0.960934781543544,0.0533667378402539
"III","Setting III",500,"Q shared","old_shared","0.910 (0.035)","0.956 (0.018)","-0.008 (0.068)","-0.012 (0.068)","0.095 (0.068)","0.051 (0.050)","","-0.044 (0.050)",0.90999,0.956043807193487,0.0602263026882065
"III","Setting III",500,"SQ learning (L1 penalty)","proposed_l1","0.920 (0.035)","0.961 (0.017)","-0.005 (0.075)","0.002 (0.071)","0.027 (0.071)","0.019 (0.069)","","-0.009 (0.058)",0.92001,0.96088993585528,0.0531702503846112
"III","Setting III",500,"SQ learning (L2 penalty)","proposed_l2","0.922 (0.035)","0.962 (0.018)","-0.004 (0.076)","-0.000 (0.071)","0.019 (0.063)","0.014 (0.067)","","-0.004 (0.057)",0.9223,0.962086437293991,0.0516081835066285
"III","Setting III",1000,"Q learning","traditional","0.942 (0.024)","0.972 (0.012)","-0.003 (0.056)","-0.008 (0.047)","-0.001 (0.047)","0.000 (0.053)","","-0.002 (0.047)",0.94215,0.97202547159917,0.03753243456953
"III","Setting III",1000,"Q shared","old_shared","0.924 (0.024)","0.963 (0.012)","-0.011 (0.049)","-0.016 (0.049)","0.092 (0.049)","0.049 (0.038)","","-0.047 (0.038)",0.92374,0.962984260136198,0.0527345782528917
"III","Setting III",1000,"SQ learning (L1 penalty)","proposed_l1","0.941 (0.025)","0.972 (0.012)","-0.005 (0.056)","-0.007 (0.046)","0.013 (0.052)","0.010 (0.050)","","-0.010 (0.048)",0.941255,0.971573251955498,0.038295142879025
"III","Setting III",1000,"SQ learning (L2 penalty)","proposed_l2","0.943 (0.024)","0.973 (0.012)","-0.004 (0.055)","-0.006 (0.046)","0.007 (0.046)","0.007 (0.049)","","-0.006 (0.046)",0.94348,0.972691208490811,0.0367359538458427
"Suppl III No Shared","Supplementary Setting III No Shared",100,"Q learning","traditional","0.862 (0.070)","0.932 (0.035)","-0.006 (0.194)","-0.025 (0.203)","-0.005 (0.164)","0.002 (0.207)","","-0.005 (0.169)",0.86155,0.931722951694258,0.139680611011897
"Suppl III No Shared","Supplementary Setting III No Shared",100,"Q shared","old_shared","0.599 (0.090)","0.765 (0.059)","-0.258 (0.285)","0.268 (0.285)","1.368 (0.285)","-0.283 (0.295)","","0.843 (0.295)",0.59945,0.765241987349192,0.52340872485751
"Suppl III No Shared","Supplementary Setting III No Shared",100,"SQ learning (L1 penalty)","proposed_l1","0.839 (0.073)","0.921 (0.037)","-0.024 (0.188)","-0.067 (0.197)","0.110 (0.168)","-0.074 (0.206)","","0.052 (0.174)",0.83895,0.920527101022519,0.148612387923924
"Suppl III No Shared","Supplementary Setting III No Shared",100,"SQ learning (L2 penalty)","proposed_l2","0.844 (0.074)","0.923 (0.038)","-0.031 (0.188)","-0.085 (0.182)","0.154 (0.176)","-0.064 (0.189)","","0.067 (0.162)",0.84435,0.923249963455312,0.14697278928807
"Suppl III No Shared","Supplementary Setting III No Shared",300,"Q learning","traditional","0.925 (0.036)","0.964 (0.017)","-0.002 (0.099)","0.004 (0.105)","0.000 (0.088)","0.004 (0.117)","","0.010 (0.081)",0.925283333333333,0.963966465669385,0.0735066573322484
"Suppl III No Shared","Supplementary Setting III No Shared",300,"Q shared","old_shared","0.602 (0.060)","0.768 (0.037)","-0.350 (0.129)","0.176 (0.129)","1.276 (0.129)","-0.331 (0.146)","","0.795 (0.146)",0.60165,0.767859753163211,0.487932611918741
"Suppl III No Shared","Supplementary Setting III No Shared",300,"SQ learning (L1 penalty)","proposed_l1","0.900 (0.051)","0.952 (0.025)","-0.030 (0.102)","-0.041 (0.105)","0.140 (0.092)","-0.096 (0.117)","","0.079 (0.083)",0.900066666666667,0.951771101756722,0.100694494778174
"Suppl III No Shared","Supplementary Setting III No Shared",300,"SQ learning (L2 penalty)","proposed_l2","0.903 (0.046)","0.953 (0.023)","-0.036 (0.099)","-0.060 (0.095)","0.173 (0.096)","-0.066 (0.107)","","0.084 (0.080)",0.90345,0.953435898682066,0.0966402075349217
"Suppl III No Shared","Supplementary Setting III No Shared",500,"Q learning","traditional","0.942 (0.030)","0.972 (0.015)","-0.004 (0.080)","-0.006 (0.078)","0.001 (0.071)","0.006 (0.102)","","0.006 (0.064)",0.94221,0.972217080782376,0.0574264010614285
"Suppl III No Shared","Supplementary Setting III No Shared",500,"Q shared","old_shared","0.606 (0.046)","0.772 (0.028)","-0.360 (0.092)","0.166 (0.092)","1.266 (0.092)","-0.344 (0.115)","","0.782 (0.115)",0.6063,0.771909013664811,0.483486325967133
"Suppl III No Shared","Supplementary Setting III No Shared",500,"SQ learning (L1 penalty)","proposed_l1","0.908 (0.044)","0.956 (0.022)","-0.034 (0.081)","-0.052 (0.078)","0.153 (0.075)","-0.106 (0.107)","","0.082 (0.068)",0.90819,0.955579548124123,0.0944941476299713
"Suppl III No Shared","Supplementary Setting III No Shared",500,"SQ learning (L2 penalty)","proposed_l2","0.915 (0.042)","0.959 (0.021)","-0.039 (0.077)","-0.070 (0.069)","0.182 (0.075)","-0.069 (0.094)","","0.084 (0.067)",0.91506,0.958948218505713,0.0886318533388108
"Suppl III No Shared","Supplementary Setting III No Shared",1000,"Q learning","traditional","0.962 (0.019)","0.982 (0.009)","-0.005 (0.053)","0.001 (0.051)","-0.000 (0.045)","0.000 (0.069)","","-0.006 (0.043)",0.96207,0.981877261515547,0.0394069706314718
"Suppl III No Shared","Supplementary Setting III No Shared",1000,"Q shared","old_shared","0.607 (0.035)","0.773 (0.022)","-0.385 (0.062)","0.141 (0.062)","1.241 (0.062)","-0.358 (0.067)","","0.768 (0.067)",0.607065,0.773241425931848,0.481346605354769
"Suppl III No Shared","Supplementary Setting III No Shared",1000,"SQ learning (L1 penalty)","proposed_l1","0.929 (0.028)","0.966 (0.014)","-0.037 (0.054)","-0.050 (0.049)","0.156 (0.049)","-0.113 (0.072)","","0.071 (0.042)",0.92918,0.965848532467371,0.0855117307339728
"Suppl III No Shared","Supplementary Setting III No Shared",1000,"SQ learning (L2 penalty)","proposed_l2","0.933 (0.026)","0.968 (0.013)","-0.043 (0.051)","-0.067 (0.045)","0.179 (0.054)","-0.074 (0.062)","","0.072 (0.041)",0.933135,0.967805810202674,0.077712924181863
