"setting","n","proposed_method","comparator","delta_m","delta_m_weighted","delta_abs_bias","wins","supports_claim"
"I",100,"SQ learning (L1 penalty)","Q learning",0.00995000000000001,0.00484979919481432,-0.00760017837784425,3,TRUE
"I",100,"SQ learning (L1 penalty)","Q shared",-0.00739999999999996,-0.00343046236511535,0.00617332416684924,0,FALSE
"I",100,"SQ learning (L2 penalty)","Q learning",0.00729999999999997,0.00364313908915681,-0.00723769232971633,3,TRUE
"I",100,"SQ learning (L2 penalty)","Q shared",-0.01005,-0.00463712247077286,0.00653581021497716,0,FALSE
"I",300,"SQ learning (L1 penalty)","Q learning",0.00700000000000001,0.00308290768180519,-0.00318598391575199,3,TRUE
"I",300,"SQ learning (L1 penalty)","Q shared",-0.0152,-0.00681472420071849,0.00309875670752449,0,FALSE
"I",300,"SQ learning (L2 penalty)","Q learning",0.00406666666666666,0.00179903999655973,-0.00335357619032967,3,TRUE
"I",300,"SQ learning (L2 penalty)","Q shared",-0.0181333333333333,-0.00809859188596396,0.00293116443294682,0,FALSE
"I",500,"SQ learning (L1 penalty)","Q learning",-0.00435000000000008,-0.00198196021128205,-0.00200136409922288,1,FALSE
"I",500,"SQ learning (L1 penalty)","Q shared",-0.01805,-0.00810080114739409,0.00251761392363047,0,FALSE
"I",500,"SQ learning (L2 penalty)","Q learning",-0.00219000000000003,-0.00100786069395631,-0.00199860480333282,1,FALSE
"I",500,"SQ learning (L2 penalty)","Q shared",-0.01589,-0.00712670163006834,0.00252037321952052,0,FALSE
"I",1000,"SQ learning (L1 penalty)","Q learning",-0.00366500000000003,-0.00163470809705979,-1.27037081047165e-05,1,FALSE
"I",1000,"SQ learning (L1 penalty)","Q shared",-0.013645,-0.0061113983907477,0.00126156040862915,0,FALSE
"I",1000,"SQ learning (L2 penalty)","Q learning",-0.00544500000000003,-0.00243785264937468,-0.000246082083516265,1,FALSE
"I",1000,"SQ learning (L2 penalty)","Q shared",-0.015425,-0.0069145429430626,0.0010281820332176,0,FALSE
"II",100,"SQ learning (L1 penalty)","Q learning",-0.12465,-0.0643963326972954,0.0129429491469386,0,FALSE
"II",100,"SQ learning (L1 penalty)","Q shared",-0.0457,0.0254740390479817,-0.307773354316418,2,TRUE
"II",100,"SQ learning (L2 penalty)","Q learning",-0.21135,-0.107344950866472,0.0144522298520462,0,FALSE
"II",100,"SQ learning (L2 penalty)","Q shared",-0.1324,-0.017474579121195,-0.30626407361131,1,FALSE
"II",300,"SQ learning (L1 penalty)","Q learning",-0.27465,-0.12744193329663,0.0316868306816221,0,FALSE
"II",300,"SQ learning (L1 penalty)","Q shared",-0.161666666666667,-0.022100950798465,-0.330966707146595,1,FALSE
"II",300,"SQ learning (L2 penalty)","Q learning",-0.418333333333333,-0.19631363171498,0.0402506532652092,0,FALSE
"II",300,"SQ learning (L2 penalty)","Q shared",-0.30535,-0.0909726492168142,-0.322402884563008,1,FALSE
"II",500,"SQ learning (L1 penalty)","Q learning",-0.43274,-0.200032065254362,0.0384456034508508,0,FALSE
"II",500,"SQ learning (L1 penalty)","Q shared",-0.29816,-0.094811411989849,-0.334097840494822,1,FALSE
"II",500,"SQ learning (L2 penalty)","Q learning",-0.53281,-0.245362655977441,0.0417912745673012,0,FALSE
"II",500,"SQ learning (L2 penalty)","Q shared",-0.39823,-0.140142002712928,-0.330752169378372,1,FALSE
"II",1000,"SQ learning (L1 penalty)","Q learning",-0.53341,-0.246290887613446,0.0486751439760323,0,FALSE
"II",1000,"SQ learning (L1 penalty)","Q shared",-0.370295,-0.133514656942304,-0.338413467125323,1,FALSE
"II",1000,"SQ learning (L2 penalty)","Q learning",-0.68937,-0.315675130452621,0.0566748102951235,0,FALSE
"II",1000,"SQ learning (L2 penalty)","Q shared",-0.526255,-0.202898899781479,-0.330413800806231,1,FALSE
"III",100,"SQ learning (L1 penalty)","Q learning",0.01095,0.00577376810836994,-0.0129186363982186,3,TRUE
"III",100,"SQ learning (L1 penalty)","Q shared",-0.00159999999999993,6.19827394164885e-05,0.0011844549640338,1,FALSE
"III",100,"SQ learning (L2 penalty)","Q learning",0.00954999999999995,0.00552277873099682,-0.0140015586987261,3,TRUE
"III",100,"SQ learning (L2 penalty)","Q shared",-0.003,-0.000189006637956624,0.000101532663526333,0,FALSE
"III",300,"SQ learning (L1 penalty)","Q learning",0.00258333333333327,0.00138864894972912,-0.000997337402828813,3,TRUE
"III",300,"SQ learning (L1 penalty)","Q shared",0.00511666666666666,0.00304004048529982,-0.00446565819210512,3,TRUE
"III",300,"SQ learning (L2 penalty)","Q learning",0.00539999999999996,0.0027579796595516,-0.00389697285841493,3,TRUE
"III",300,"SQ learning (L2 penalty)","Q shared",0.00793333333333335,0.0044093711951223,-0.00736529364769124,3,TRUE
"III",500,"SQ learning (L1 penalty)","Q learning",-2.99999999999745e-05,-4.48456882641279e-05,-0.000196487455642616,1,FALSE
"III",500,"SQ learning (L1 penalty)","Q shared",0.01002,0.00484612866179268,-0.00705605230359522,3,TRUE
"III",500,"SQ learning (L2 penalty)","Q learning",0.00226000000000004,0.00115165575044718,-0.00175855433362532,3,TRUE
"III",500,"SQ learning (L2 penalty)","Q shared",0.01231,0.00604263010050399,-0.00861811918157792,3,TRUE
"III",1000,"SQ learning (L1 penalty)","Q learning",-0.00089500000000009,-0.000452219643671592,0.000762708309495028,0,FALSE
"III",1000,"SQ learning (L1 penalty)","Q shared",0.0175149999999999,0.00858899181929984,-0.0144394353738666,3,TRUE
"III",1000,"SQ learning (L2 penalty)","Q learning",0.00132999999999994,0.000665736891641733,-0.000796480723687341,3,TRUE
"III",1000,"SQ learning (L2 penalty)","Q shared",0.01974,0.00970694835461317,-0.015998624407049,3,TRUE
"Suppl III No Shared",100,"SQ learning (L1 penalty)","Q learning",-0.0226000000000001,-0.0111958506717387,0.00893177691202726,0,FALSE
"Suppl III No Shared",100,"SQ learning (L1 penalty)","Q shared",0.2395,0.155285113673327,-0.374796336933585,3,TRUE
"Suppl III No Shared",100,"SQ learning (L2 penalty)","Q learning",-0.0172,-0.00847298823894593,0.00729217827617346,0,FALSE
"Suppl III No Shared",100,"SQ learning (L2 penalty)","Q shared",0.2449,0.15800797610612,-0.376435935569439,3,TRUE
"Suppl III No Shared",300,"SQ learning (L1 penalty)","Q learning",-0.0252166666666667,-0.0121953639126635,0.0271878374459258,0,FALSE
"Suppl III No Shared",300,"SQ learning (L1 penalty)","Q shared",0.298416666666667,0.183911348593511,-0.387238117140567,3,TRUE
"Suppl III No Shared",300,"SQ learning (L2 penalty)","Q learning",-0.0218333333333334,-0.0105305669873196,0.0231335502026734,0,FALSE
"Suppl III No Shared",300,"SQ learning (L2 penalty)","Q shared",0.3018,0.185576145518855,-0.391292404383819,3,TRUE
"Suppl III No Shared",500,"SQ learning (L1 penalty)","Q learning",-0.0340200000000001,-0.016637532658253,0.0370677465685428,0,FALSE
"Suppl III No Shared",500,"SQ learning (L1 penalty)","Q shared",0.30189,0.183670534459311,-0.388992178337161,3,TRUE
"Suppl III No Shared",500,"SQ learning (L2 penalty)","Q learning",-0.02715,-0.0132688622766621,0.0312054522773823,0,FALSE
"Suppl III No Shared",500,"SQ learning (L2 penalty)","Q shared",0.30876,0.187039204840902,-0.394854472628322,3,TRUE
"Suppl III No Shared",1000,"SQ learning (L1 penalty)","Q learning",-0.03289,-0.016028729048176,0.0461047601025011,0,FALSE
"Suppl III No Shared",1000,"SQ learning (L1 penalty)","Q shared",0.322115,0.192607106535522,-0.395834874620796,3,TRUE
"Suppl III No Shared",1000,"SQ learning (L2 penalty)","Q learning",-0.0289349999999999,-0.0140714513128727,0.0383059535503913,0,FALSE
"Suppl III No Shared",1000,"SQ learning (L2 penalty)","Q shared",0.32607,0.194564384270826,-0.403633681172906,3,TRUE
"IV",100,"SQ learning (L1 penalty)","Q learning",0.0204500000000001,0.00758333333333328,-0.015311142541089,3,TRUE
"IV",100,"SQ learning (L1 penalty)","Q shared",0.02925,0.00817499999999993,0.00841192009065332,2,TRUE
"IV",100,"SQ learning (L2 penalty)","Q learning",0.0243500000000001,0.00898333333333334,-0.0109384911784815,3,TRUE
"IV",100,"SQ learning (L2 penalty)","Q shared",0.03315,0.009575,0.0127845714532608,2,TRUE
"IV",300,"SQ learning (L1 penalty)","Q learning",0.0154833333333333,0.00518888888888891,-0.01013131764092,3,TRUE
"IV",300,"SQ learning (L1 penalty)","Q shared",0.0053833333333333,0.00156388888888892,0.000903535817743509,2,TRUE
"IV",300,"SQ learning (L2 penalty)","Q learning",0.00855000000000006,0.00281666666666669,-0.00558002197033912,3,TRUE
"IV",300,"SQ learning (L2 penalty)","Q shared",-0.00154999999999994,-0.0008083333333333,0.00545483148832443,0,FALSE
"IV",500,"SQ learning (L1 penalty)","Q learning",-0.000120000000000009,0.000428333333333253,-0.00838139148690766,2,TRUE
"IV",500,"SQ learning (L1 penalty)","Q shared",0.000369999999999981,6.16666666666266e-05,0.000377078992974969,2,TRUE
"IV",500,"SQ learning (L2 penalty)","Q learning",0.00162999999999991,0.000728333333333331,-0.00435728322684505,3,TRUE
"IV",500,"SQ learning (L2 penalty)","Q shared",0.0021199999999999,0.000361666666666705,0.00440118725303758,2,TRUE
"IV",1000,"SQ learning (L1 penalty)","Q learning",-0.000300000000000078,-4.99999999999945e-05,-0.00543487349441734,1,FALSE
"IV",1000,"SQ learning (L1 penalty)","Q shared",0,0,-3.46644087008477e-05,3,TRUE
"IV",1000,"SQ learning (L2 penalty)","Q learning",-0.000300000000000078,-4.99999999999945e-05,-0.00307461238079114,1,FALSE
"IV",1000,"SQ learning (L2 penalty)","Q shared",0,0,0.00232559670492535,2,TRUE
"Suppl IV No Shared",100,"SQ learning (L1 penalty)","Q learning",-0.0661,-0.02735,0.00615396979881225,0,FALSE
"Suppl IV No Shared",100,"SQ learning (L1 penalty)","Q shared",0.224,0.118841666666667,-0.0785309224967284,3,TRUE
"Suppl IV No Shared",100,"SQ learning (L2 penalty)","Q learning",-0.0729,-0.0294833333333333,-4.74551006883761e-05,1,FALSE
"Suppl IV No Shared",100,"SQ learning (L2 penalty)","Q shared",0.2172,0.116708333333333,-0.0847323473962291,3,TRUE
"Suppl IV No Shared",300,"SQ learning (L1 penalty)","Q learning",-0.10095,-0.0348055555555556,0.0119234634623856,0,FALSE
"Suppl IV No Shared",300,"SQ learning (L1 penalty)","Q shared",0.330016666666667,0.132338888888889,-0.10822542728102,3,TRUE
"Suppl IV No Shared",300,"SQ learning (L2 penalty)","Q learning",-0.13255,-0.0466111111111112,0.0107549764132984,0,FALSE
"Suppl IV No Shared",300,"SQ learning (L2 penalty)","Q shared",0.298416666666667,0.120533333333333,-0.109393914330108,3,TRUE
"Suppl IV No Shared",500,"SQ learning (L1 penalty)","Q learning",-0.13847,-0.0467166666666667,0.0153670775127165,0,FALSE
"Suppl IV No Shared",500,"SQ learning (L1 penalty)","Q shared",0.37369,0.139928333333333,-0.117385894680672,3,TRUE
"Suppl IV No Shared",500,"SQ learning (L2 penalty)","Q learning",-0.17996,-0.0609816666666667,0.0164011779189465,0,FALSE
"Suppl IV No Shared",500,"SQ learning (L2 penalty)","Q shared",0.3322,0.125663333333333,-0.116351794274442,3,TRUE
"Suppl IV No Shared",1000,"SQ learning (L1 penalty)","Q learning",-0.14802,-0.0494591666666667,0.0200844690512017,0,FALSE
"Suppl IV No Shared",1000,"SQ learning (L1 penalty)","Q shared",0.431345,0.1493875,-0.124089633699697,3,TRUE
"Suppl IV No Shared",1000,"SQ learning (L2 penalty)","Q learning",-0.197715,-0.0658075,0.0236468490159774,0,FALSE
"Suppl IV No Shared",1000,"SQ learning (L2 penalty)","Q shared",0.38165,0.133039166666667,-0.120527253734921,3,TRUE
